num,environnement,politique,agriculture,economie,education,transport,religion,sante,travail,sport,justice,loisir,social,technologie,art,emotion,theme_major1,theme_major2,en_tant_que,jaimerais,afin_de_parce_que
129,0.495354027208957,0.4374694776881783,0.38240148419582376,0.46769563953225796,0.4696708350155046,0.448790845290402,0.37909214036679784,0.45106370713768473,0.5166930316039463,0.37054499362563403,0.3833742103578419,0.4908635776247644,0.5055929823209662,0.4202184953435493,0.3204412139996858,0.0772,travail,social,,,
130,0.4278349013829272,0.45842791532400035,0.37914660120399923,0.4534716041053506,0.44110173556059273,0.42213128169293535,0.3474178833359507,0.4256994617436659,0.5180642682567387,0.3447532279500706,0.42479412859456633,0.4840015047924518,0.4127726071648979,0.378263616471595,0.3241979470088918,0.2263,travail,loisir,,,
131,0.46507370918440216,0.4644654050945111,0.4261447081841734,0.4375861549294637,0.4007289192986298,0.4276629961604043,0.3639247256027832,0.3944184216667565,0.45122794705337155,0.38865746173130505,0.3859030036059066,0.46967197054493126,0.4250964008257309,0.3727155375001885,0.36962019415824005,0.6369,loisir,environnement,Ouvriers qualifiés,Soutien aux petits commerces,"La concurrence des grandes surfaces est écrasante, nous ne survivrons pas longtemps."
132,0.6350887237885019,0.5280644716063125,0.6648774200842932,0.5949446055353677,0.547202248775684,0.46246724795958943,0.45414137483568673,0.5748184474410369,0.5221884090409543,0.425485344778699,0.389828938243972,0.5190338391179339,0.5493030409828974,0.4428150586527953,0.3639805530137513,0.7003,agriculture,environnement,Ouvriers qualifiés,Soutien à l'agriculture biologique,"L'agriculture durable est cruciale pour la santé et l'environnement, et le manque de soutien actuel met les agriculteurs dans une position délicate."
133,0.4197871894270928,0.5439010398599761,0.3596332126008447,0.4439766004544759,0.41378241361181445,0.321440813758531,0.4051936014660923,0.4095360993669991,0.48889734685809083,0.3924216646384219,0.40410324102834677,0.4586649180437525,0.49585695011125136,0.3174918920040158,0.3469621543850607,0.7096,politique,social,Ouvriers qualifiés,Promotion de l'égalité salariale entre hommes et femmes,Il existe encore un écart salarial important entre les sexes.
134,0.5148801662536784,0.5091723005494441,0.44057179153487763,0.5198226574174669,0.4826918777892676,0.4573034697329773,0.3812571915543177,0.5188510706564503,0.530029388635198,0.3812829750264939,0.4128550199302842,0.4762164618045795,0.602866201214144,0.4005196669910604,0.3527049398122666,0.128,social,travail,Ouvriers qualifiés,Création de logements sociaux,Il y a une pénurie de logements abordables pour les familles à faible revenu.
135,0.5104783408649917,0.4689773393239051,0.3423412852068541,0.46683538117148576,0.4596220000169148,0.38521930750426736,0.3440643252563947,0.4719767780885174,0.564544928752832,0.34948573098919067,0.3382368976843834,0.5112532253931966,0.4632197958459067,0.43886027126126287,0.3408870069156884,0.8578,travail,loisir,Ouvriers qualifiés,Télétravail et flexibilité des horaires,Nous avons besoin de plus de flexibilité pour mieux concilier vie professionnelle et personnelle.
136,0.49343580169663803,0.470248436277768,0.37796539805006385,0.4375174223432809,0.4850965194522443,0.37787416810843805,0.3723433508763449,0.46774310745725045,0.5461436173006127,0.3346528467318535,0.3620331455066489,0.4793541952733238,0.4719548592504213,0.3443708537731565,0.35284727713413827,0.6597,travail,environnement,Ouvriers qualifiés,Soutien aux personnes sans emploi,"La précarité est difficile à vivre, nous avons besoin de soutien."
137,0.5373698120202618,0.48165680854365156,0.4331575747899851,0.5036793235550229,0.6316846793204441,0.40989420283128186,0.4306578405895443,0.4824183003527292,0.5227100778230382,0.39282697116021736,0.42153671727377773,0.4874754087261323,0.4821777131534059,0.42709640936923404,0.3580878689740957,0.3612,education,environnement,Ouvriers qualifiés,Réduction des frais de scolarité,"L'éducation doit être accessible à tous, c'est crucial pour l'avenir."
138,0.4611763974017581,0.5086399853183817,0.4640489788600762,0.4957976039112678,0.46210026999936143,0.4436909792109684,0.40723004686649383,0.4181827768229368,0.48793216912270915,0.42655062149851264,0.3816143255506845,0.5249506610579391,0.4746220033456492,0.42908985269850797,0.40369684804461875,0.4019,loisir,politique,Ouvriers qualifiés,Soutien à l'artisanat local,Le commerce en ligne nous écrase et on perd notre clientèle fidèle.
139,0.48597495442957317,0.448593407103744,0.392314225563224,0.44096624159981757,0.479904316410126,0.3946386571372938,0.3667387371560059,0.5180398445501515,0.6954961672240542,0.34838758213628485,0.35920533515862735,0.4872545103614753,0.4552038090996609,0.3741223251033565,0.382714581652352,0.4404,travail,sante,Ouvriers qualifiés,Amélioration des conditions de travail dans les hôpitaux,Les personnels soignants sont épuisés et les conditions de travail se détériorent.
140,0.49535565386078,0.47400184614163665,0.4179393266219443,0.4861656446331139,0.4608334462229171,0.4295360762274807,0.3792362574298679,0.45040110226743324,0.634564560875974,0.39154353090031235,0.394035961343306,0.5335488509408809,0.4635418500791942,0.45110637281185595,0.40854361563217734,0.7579,travail,loisir,Ouvriers qualifiés,Amélioration des services publics,"Les ressources sont insuffisantes, nous ne pouvons pas bien faire notre travail."
141,0.4142577441026579,0.4572887561470821,0.3370763991164621,0.4275580661750321,0.4181459782830346,0.34550879575294685,0.36584850478048353,0.4091128965909298,0.5338965634496197,0.3527460757278166,0.40685069461963125,0.4972238938862354,0.4336910893427743,0.40271081059643316,0.3623551405997194,0.5267,travail,loisir,Ouvriers qualifiés,Simplification des démarches administratives,Les formalités sont trop complexes et nous font perdre un temps précieux.
142,0.48140612080875117,0.4788990224849444,0.39535327809618964,0.42515432319806246,0.5124253933510784,0.3720358682466262,0.39786954590360174,0.4728164235040699,0.5729157849673219,0.34490722253107536,0.3855411326151306,0.49220162952476465,0.4358574847318775,0.3837103815991737,0.3696202943581356,0.6597,travail,education,Ouvriers qualifiés,Amélioration des services de garde d'enfants,"Les places en crèche sont insuffisantes, ce qui complique la vie des parents qui travaillent."
143,0.48597495442957317,0.448593407103744,0.392314225563224,0.44096624159981757,0.479904316410126,0.3946386571372938,0.3667387371560059,0.5180398445501515,0.6954961672240542,0.34838758213628485,0.35920533515862735,0.4872545103614753,0.4552038090996609,0.3741223251033565,0.382714581652352,0.4404,travail,sante,Ouvriers qualifiés,Amélioration des conditions de travail dans les hôpitaux,Les personnels soignants sont épuisés et les conditions de travail se détériorent.
144,0.45767595514984816,0.5330356992627745,0.40839749060099545,0.4569688708679454,0.4861407395296269,0.3727749672299407,0.38307641517314256,0.4269487375261454,0.5239764628155106,0.3710872143593078,0.4373426728481894,0.45081789203455447,0.6130034278083071,0.37465002459927527,0.3533927040507124,0.4767,social,politique,Ouvriers qualifiés,Soutien aux travailleurs indépendants,Les charges sociales et fiscales sont trop lourdes pour les auto-entrepreneurs.
145,0.49343580169663803,0.470248436277768,0.37796539805006385,0.4375174223432809,0.4850965194522443,0.37787416810843805,0.3723433508763449,0.46774310745725045,0.5461436173006127,0.3346528467318535,0.3620331455066489,0.4793541952733238,0.4719548592504213,0.3443708537731565,0.35284727713413827,0.6597,travail,environnement,Ouvriers qualifiés,Soutien aux personnes sans emploi,"La précarité est difficile à vivre, nous avons besoin de soutien."
146,0.4097442708038172,0.46713262316520887,0.3489208560847381,0.3696331491055315,0.44145638723713737,0.3818453539222304,0.37999461930595513,0.3855993050792771,0.507056150587309,0.3512512307833291,0.3874575015292256,0.418810252269017,0.4668908522072629,0.35367657663437757,0.3365439955385444,-0.2263,travail,politique,Ouvriers qualifiés,Reconnaissance des compétences des contremaîtres,Notre rôle est crucial mais souvent sous-estimé.
147,0.45323007598883247,0.5105876852576686,0.40796646587551405,0.4646134098040725,0.4613792296424038,0.40864105264905426,0.4062372692226098,0.43856165462914426,0.5927068904416223,0.34877296901332433,0.4448686842473059,0.41639055339538994,0.4662465057914705,0.40008485179622855,0.3681584164264128,0.296,travail,politique,Ouvriers qualifiés,Renforcement de la lutte contre la discrimination au travail,Les inégalités de traitement persistent malgré les lois existantes.
148,0.4541627701379206,0.48661326205973454,0.41169248891217153,0.48704178236942314,0.45111207907488554,0.4175671890454305,0.4043767746013682,0.4024527856247347,0.5085663937218987,0.35347212009097817,0.42228529800796366,0.4415889535630251,0.451623248492757,0.3939048200954038,0.3375126620619299,-0.4767,travail,economie,Ouvriers qualifiés,Réduction de la charge fiscale sur les entreprises,"Les impôts sont trop élevés, nous avons du mal à rester à flot."
149,0.44456523642784285,0.44616838546922727,0.36016035681587616,0.4438552679905804,0.45454821606283335,0.3939552911021915,0.33559926265183904,0.43050913355895254,0.5341066564641525,0.3605335379884505,0.3624282163493468,0.487672707879362,0.4435807993326048,0.42009597284881434,0.33256183918049015,0.3612,travail,loisir,Ouvriers qualifiés,Formation continue pour les techniciens,Nous avons besoin de mise à jour régulière des compétences pour ne pas être dépassés.
150,0.5081088006713004,0.45898701280639637,0.37560805360037003,0.4524056445946846,0.421726904239596,0.4302778181772338,0.3385346270423756,0.5212558740310043,0.6332916978296063,0.39406359952133446,0.38676760470948995,0.4930263633968619,0.4589120631274691,0.43343118921756363,0.3525263104262853,0.8271,travail,sante,Ouvriers qualifiés,Amélioration de la sécurité au travail,Les accidents sont fréquents et les mesures de sécurité sont insuffisantes.
151,0.46127086848289783,0.4819855686691263,0.41649657261052603,0.488553925347955,0.45325261064357925,0.421885791175268,0.4097983898358207,0.4075104814192331,0.5033517601584704,0.353409716373066,0.4238428261098917,0.4432427336817287,0.45446790020505007,0.39415888297329793,0.3417327462682425,-0.4767,travail,economie,Ouvriers non qualifiés,Réduction de la charge fiscale sur les entreprises,"Les impôts sont trop élevés, nous avons du mal à rester à flot."
152,0.4424183895514256,0.48204652511075397,0.3645032242969307,0.44593938479945955,0.46024439828401564,0.3832418941081695,0.3684182141750189,0.3952953489811077,0.482350813767605,0.3584071076171819,0.332667213523256,0.49217102612973324,0.4210872900788088,0.4167464202182116,0.36622724406821033,0.1531,loisir,travail,Ouvriers non qualifiés,Soutien aux jeunes entrepreneurs,"Les jeunes ont des idées innovantes mais manquent de moyens pour les réaliser, ce qui freine leur potentiel."
153,0.497872913252231,0.4789314940791816,0.3936691038145134,0.46788707985681255,0.4503970102562799,0.3892364737876457,0.3512204155274188,0.45632004371478696,0.4960419349470773,0.3900758191996058,0.36399728952401444,0.5337129213741286,0.4648846338622584,0.4289336418096441,0.3381314845806465,0.4939,loisir,environnement,Ouvriers non qualifiés,Programmes de reconversion professionnelle,"Les opportunités sont limitées, nous avons besoin de nouvelles compétences."
154,0.4280841865968083,0.46622449282389145,0.36479435360050394,0.38542436845671435,0.44964732369870236,0.3949832075074476,0.39380397783320875,0.39826968607316005,0.5041023557437359,0.3546453772271981,0.39641832077324846,0.42717925292097,0.47424718152584616,0.36082162459490325,0.34613465857162456,-0.2263,travail,social,Ouvriers non qualifiés,Reconnaissance des compétences des contremaîtres,Notre rôle est crucial mais souvent sous-estimé.
155,0.47988584782849647,0.4737000471187654,0.40217548457362745,0.4572293850459596,0.46486656507703644,0.37111925401287066,0.3892743285152344,0.4213227083525417,0.6158749471865524,0.3575119320957117,0.3819421769396468,0.5069492457646717,0.4694652497691591,0.40441312745303754,0.39266780905590826,0.6597,travail,loisir,Ouvriers non qualifiés,Amélioration des conditions de travail,"Les conditions actuelles sont épuisantes, nous ne pouvons pas continuer ainsi."
156,0.4262355100168254,0.4287810938280083,0.42702303283765813,0.47922551761153187,0.5026791029425295,0.3881973060459933,0.39641545582225163,0.48438920061213814,0.4865954602629806,0.3185508045086854,0.40797528688760853,0.43685067598530075,0.45032153424227045,0.36622787382913596,0.336914543061283,0.3818,education,travail,Ouvriers non qualifiés,Augmentation des pensions de retraite,"Le coût de la vie augmente, notre pension ne suffit plus."
157,0.4433395972675267,0.4975378918970434,0.3909724483401931,0.46318656379320994,0.4801804608175087,0.4072436939468719,0.380102781686228,0.4878272702479454,0.4825802479356178,0.34919948411785884,0.39000705316799567,0.44663403163175813,0.4827595077597563,0.3731337400307834,0.32572555707186246,0.5729,politique,sante,Ouvriers non qualifiés,Augmentation des pensions d'invalidité,"Les personnes handicapées ne reçoivent pas assez de soutien financier, ce qui les laisse souvent dans des situations très difficiles."
158,0.45585529365623334,0.41773611085635204,0.31776477889382126,0.3746968630777514,0.44196332454169995,0.3812024398735071,0.34822582124477774,0.4707543236182302,0.5521525670255264,0.34768342845403144,0.37251437351809985,0.45281868810200926,0.4058191584739383,0.38319891909370773,0.3376529465145536,0.836,travail,sante,Ouvriers non qualifiés,Réduction des délais d'attente pour les soins médicaux,Les patients doivent attendre trop longtemps pour obtenir des soins de qualité.
159,0.5048172077029905,0.4740503668270899,0.4179758606346324,0.4952023941293526,0.4562484899293642,0.44397945731320976,0.39170985000284897,0.49387934429425073,0.6142256878679623,0.3691314128367433,0.4103515657303689,0.4892607021727856,0.4956227601455,0.4124917022685757,0.3722291137337468,0.5994,travail,environnement,Ouvriers non qualifiés,Stabilisation des contrats de travail,"Le précariat est trop répandu, nous avons besoin de sécurité."
160,0.4990644884723826,0.4639244603325133,0.3894367383900447,0.48231506960606246,0.47540087024168165,0.4138144613934813,0.3855031845287273,0.45223213341146346,0.5308866838666579,0.36657867952328854,0.3768566120533314,0.4893679128000402,0.5393542734800969,0.3984964664157019,0.337500803279062,0.0772,social,travail,Ouvriers non qualifiés,Augmentation des aides sociales,"Les aides actuelles ne suffisent pas à couvrir les besoins essentiels des plus démunis, ce qui complique énormément leur quotidien."
161,0.5263056842939031,0.4770620159101169,0.3812761243851743,0.41761853701380697,0.5137727757818236,0.5081562068319422,0.42555704497680114,0.5066566045634479,0.5035426283950962,0.37566624229175294,0.3849707290154114,0.49402880846985536,0.5044362572634487,0.4113823721588909,0.32546276231295584,0.1779,environnement,education,Conducteurs de véhicules et du personnel de transport,Soutien aux familles monoparentales,Les parents seuls ont du mal à concilier vie professionnelle et vie familiale.
162,0.5363196024086663,0.4316558323135725,0.42867065080022354,0.4945579860668279,0.46399807763168915,0.5682339458768698,0.38026724742198226,0.5053970826195316,0.5593417615128095,0.4276529699752285,0.3970062981348724,0.5622458074914268,0.4730079577064091,0.47518103253717914,0.3517413580790896,0.7906,transport,loisir,Conducteurs de véhicules et du personnel de transport,Promotion du télétravail,"Le télétravail permet de mieux concilier vie professionnelle et personnelle, et devrait être plus largement accessible."
163,0.5090914897725421,0.42673333024817023,0.392392026783225,0.48498209463235353,0.4625539770313297,0.601276280873825,0.3501852241493113,0.49335280322415953,0.5524882869786654,0.3787581996851356,0.3870109121846778,0.5215477035650319,0.46496831077109163,0.4549686592944657,0.3324214709461063,0.5106,transport,travail,Conducteurs de véhicules et du personnel de transport,Création d'emplois et formations,Nous avons besoin d'opportunités pour sortir du chômage.
164,0.44590146592984,0.42110202410505215,0.33993490675960264,0.4311811173241837,0.4171464415844683,0.5231567689263943,0.36342814355456576,0.4352489732310144,0.5321793593962653,0.3865524662533436,0.4126480084242934,0.5242141749285161,0.43468564873084325,0.4502902565341065,0.34590644889978045,0.5267,travail,loisir,Conducteurs de véhicules et du personnel de transport,Simplification des démarches administratives,Les formalités sont trop complexes et nous font perdre un temps précieux.
165,0.45538472800426083,0.4332066854629405,0.3742458451622537,0.4321123243351812,0.4592360984044732,0.36368777732042396,0.3776730442878994,0.418023432620449,0.6130211829016968,0.34747844000182876,0.37292674755085536,0.5071306945421378,0.40117720800504414,0.4121070040149671,0.3604860673993596,0.6597,travail,loisir,Retraités,Amélioration des conditions de travail,"Les conditions actuelles sont épuisantes, nous ne pouvons pas continuer ainsi."
166,0.39233776386975233,0.41758010390931777,0.3118690044820315,0.40724293537029904,0.4094071424621941,0.3447995344722372,0.3612027339534198,0.4102597437162397,0.5075589935070162,0.3440901539353947,0.4082621388840932,0.49452363753015083,0.375006701170612,0.4092509167761717,0.3333995577047693,0.5267,travail,loisir,Retraités,Simplification des démarches administratives,Les formalités sont trop complexes et nous font perdre un temps précieux.
167,0.4478822199648892,0.5195473187608233,0.37277770160941026,0.44875113541040634,0.47659887862850003,0.386688755834705,0.4314032081048943,0.4591257085853685,0.5014798304460893,0.3585764555515304,0.44335969171074263,0.4426032926365778,0.44113176457547676,0.40503438548913206,0.37463395380459275,0.296,politique,travail,Retraités,Révision des honoraires des professions libérales,Les tarifs actuels ne nous permettent plus de vivre correctement.
168,0.45825324981926907,0.5208904288540533,0.4076584473558976,0.4570610351600068,0.5080486688261502,0.3925596630682269,0.39683614156049823,0.44968657514604266,0.5129542278590321,0.3796817642867783,0.46300709866214707,0.45896333524666344,0.5990662280152012,0.39381785356942456,0.3320589553776654,0.4767,social,politique,Retraités,Soutien aux travailleurs indépendants,Les charges sociales et fiscales sont trop lourdes pour les auto-entrepreneurs.
169,0.48460220419526073,0.43288105905779584,0.40328209682950417,0.47361554163180664,0.4587427844368277,0.4430262380318907,0.37691832589162,0.4592106278846532,0.6222399359055807,0.3887826119193239,0.3943984701359752,0.5374016407695066,0.40310183325570226,0.4671311476348182,0.38411118232779357,0.7579,travail,loisir,Retraités,Amélioration des services publics,"Les ressources sont insuffisantes, nous ne pouvons pas bien faire notre travail."
170,0.48460220419526073,0.43288105905779584,0.40328209682950417,0.47361554163180664,0.4587427844368277,0.4430262380318907,0.37691832589162,0.4592106278846532,0.6222399359055807,0.3887826119193239,0.3943984701359752,0.5374016407695066,0.40310183325570226,0.4671311476348182,0.38411118232779357,0.7579,travail,loisir,Retraités,Amélioration des services publics,"Les ressources sont insuffisantes, nous ne pouvons pas bien faire notre travail."
171,0.4478822199648892,0.5195473187608233,0.37277770160941026,0.44875113541040634,0.47659887862850003,0.386688755834705,0.4314032081048943,0.4591257085853685,0.5014798304460893,0.3585764555515304,0.44335969171074263,0.4426032926365778,0.44113176457547676,0.40503438548913206,0.37463395380459275,0.296,politique,travail,Retraités,Révision des honoraires des professions libérales,Les tarifs actuels ne nous permettent plus de vivre correctement.
172,0.49512548184002947,0.4890329574196753,0.3642719214855576,0.38753587742201795,0.5340045133892632,0.3212152787324971,0.4409655754089322,0.5016281007169447,0.4677315029406379,0.3278651287938247,0.3703797525943283,0.4526494980432644,0.4638445079412093,0.3561468610250889,0.30515606545707114,0.1779,education,sante,Retraités,Soutien aux familles monoparentales,Les parents seuls ont du mal à concilier vie professionnelle et vie familiale.
173,0.5002832021765511,0.40087006066130965,0.432992942052946,0.46816056399636796,0.4521219672860681,0.43864929193548574,0.39053193916482415,0.424703779754888,0.4581226906346128,0.36529735523262724,0.3882976409947428,0.4638086646237473,0.4227843516400378,0.4472991336554373,0.40958928640799663,0.3182,environnement,economie,Retraités,Amélioration des infrastructures urbaines,"Les rues sont en mauvais état, cela dissuade les clients de venir."
174,0.45064668515447365,0.419530119063073,0.41405943770870485,0.41760131391470595,0.3901950070831287,0.44553157721577585,0.3610488331544629,0.39690005743499707,0.4070108997122173,0.38772022191327515,0.38751618809958754,0.46564090746167486,0.35279978959955005,0.37910530953479255,0.3375068907326753,0.6369,loisir,environnement,Retraités,Soutien aux petits commerces,"La concurrence des grandes surfaces est écrasante, nous ne survivrons pas longtemps."
175,0.43039090681774483,0.4235411382490905,0.30470931682544444,0.39158632871918764,0.506245016237727,0.36016829881218004,0.42130509805243394,0.45737315800420913,0.4804863592038188,0.3280024053568591,0.41315302321775343,0.4714249793461415,0.3774204802472545,0.3933132966054662,0.3307410340504446,-0.582,education,travail,Retraités,Lutte contre le harcèlement scolaire,Les enfants doivent pouvoir aller à l'école sans crainte de subir des mauvais traitements.
176,0.5037307594282816,0.4405651525211578,0.3847430349470884,0.52250063812267,0.4646128414806837,0.4260112706958207,0.3656768215326184,0.43103179447392354,0.49215388672029314,0.37004851404099387,0.3760165478733096,0.47141848374544226,0.4172552085440594,0.6183244676783416,0.3830317642906175,0.6705,technologie,economie,Retraités,Réduction des inégalités d'accès à la technologie,Tout le monde doit pouvoir bénéficier des avancées technologiques pour ne pas être laissé de côté.
177,0.48538195314941945,0.43297895217016746,0.3671088464590497,0.46923949971462864,0.4740459594236982,0.41696731960756467,0.3769165802013005,0.4563324562412241,0.5140069701829078,0.3614946980179322,0.36992540957359354,0.4871369377984175,0.5027142830299463,0.4038212954634455,0.30407705905835986,0.0772,travail,social,Retraités,Augmentation des aides sociales,"Les aides actuelles ne suffisent pas à couvrir les besoins essentiels des plus démunis, ce qui complique énormément leur quotidien."
178,0.3794873666093648,0.4110590123561307,0.31575239525234816,0.328362074936103,0.4411681593608709,0.39724766092491554,0.38323920148472346,0.38975506326136855,0.4658132049905389,0.3432487902600516,0.3931029376975873,0.403752705898586,0.38396866301298754,0.3602331631308355,0.2875775718475015,-0.2263,travail,education,Retraités,Reconnaissance des compétences des contremaîtres,Notre rôle est crucial mais souvent sous-estimé.
179,0.4210124725851294,0.4575367527314276,0.33941695202724137,0.4292527950626024,0.4604165461780753,0.3843714422707531,0.35957611754669805,0.39230500581594874,0.45955561032758246,0.3549715444146108,0.3198307531430514,0.4953081027143636,0.3627323013166295,0.4302513147835802,0.34002262614265394,0.1531,loisir,education,Retraités,Soutien aux jeunes entrepreneurs,"Les jeunes ont des idées innovantes mais manquent de moyens pour les réaliser, ce qui freine leur potentiel."
180,0.4639142782007197,0.4611991017883323,0.3249030092544837,0.40473508075996456,0.4546983211637354,0.3833068736456184,0.36177091787627824,0.4565215363426725,0.4305319152381093,0.33690846357819226,0.3954666341156194,0.43095578730877376,0.4063108227511053,0.41387820551036436,0.2768600531811695,0.6369,environnement,politique,Retraités,Soutien aux familles nombreuses,"Les familles nombreuses ont des besoins spécifiques qui ne sont pas toujours pris en compte, ce qui complique leur gestion quotidienne."
181,0.45064668515447365,0.419530119063073,0.41405943770870485,0.41760131391470595,0.3901950070831287,0.44553157721577585,0.3610488331544629,0.39690005743499707,0.4070108997122173,0.38772022191327515,0.38751618809958754,0.46564090746167486,0.35279978959955005,0.37910530953479255,0.3375068907326753,0.6369,loisir,environnement,Retraités,Soutien aux petits commerces,"La concurrence des grandes surfaces est écrasante, nous ne survivrons pas longtemps."
182,0.5013949629509664,0.4261641091531797,0.3678148618277669,0.42305041531186166,0.532560610426813,0.4099569346425602,0.4089305884267013,0.6547235221197184,0.5331527479483188,0.39807021980097335,0.41796069034762395,0.49507515163588517,0.4340135064807082,0.43040330922153797,0.3615122843401407,0.5635,sante,travail,Retraités,Accès à des soins de santé mentale,Les services de santé mentale sont débordés et beaucoup ne peuvent pas obtenir l'aide dont ils ont besoin.
183,0.5013949629509664,0.4261641091531797,0.3678148618277669,0.42305041531186166,0.532560610426813,0.4099569346425602,0.4089305884267013,0.6547235221197184,0.5331527479483188,0.39807021980097335,0.41796069034762395,0.49507515163588517,0.4340135064807082,0.43040330922153797,0.3615122843401407,0.5635,sante,travail,Retraités,Accès à des soins de santé mentale,Les services de santé mentale sont débordés et beaucoup ne peuvent pas obtenir l'aide dont ils ont besoin.
184,0.45064668515447365,0.419530119063073,0.41405943770870485,0.41760131391470595,0.3901950070831287,0.44553157721577585,0.3610488331544629,0.39690005743499707,0.4070108997122173,0.38772022191327515,0.38751618809958754,0.46564090746167486,0.35279978959955005,0.37910530953479255,0.3375068907326753,0.6369,loisir,environnement,Retraités,Soutien aux petits commerces,"La concurrence des grandes surfaces est écrasante, nous ne survivrons pas longtemps."
185,0.4639142782007197,0.4611991017883323,0.3249030092544837,0.40473508075996456,0.4546983211637354,0.3833068736456184,0.36177091787627824,0.4565215363426725,0.4305319152381093,0.33690846357819226,0.3954666341156194,0.43095578730877376,0.4063108227511053,0.41387820551036436,0.2768600531811695,0.6369,environnement,politique,Retraités,Soutien aux familles nombreuses,"Les familles nombreuses ont des besoins spécifiques qui ne sont pas toujours pris en compte, ce qui complique leur gestion quotidienne."
186,0.5013989675570992,0.42003389829333154,0.414763638526189,0.4685295953030775,0.41046905939699985,0.5251551809775092,0.35909767202836684,0.48094939493475053,0.43277352713008355,0.3868330413369832,0.35014152359199274,0.4709147389943763,0.4409107542266386,0.4753050436641309,0.34839634363053235,0.0516,transport,environnement,Retraités,Amélioration des infrastructures routières,"Les routes sont dangereuses, c'est un risque quotidien pour nous."
187,0.5013989675570992,0.42003389829333154,0.414763638526189,0.4685295953030775,0.41046905939699985,0.5251551809775092,0.35909767202836684,0.48094939493475053,0.43277352713008355,0.3868330413369832,0.35014152359199274,0.4709147389943763,0.4409107542266386,0.4753050436641309,0.34839634363053235,0.0516,transport,environnement,Retraités,Amélioration des infrastructures routières,"Les routes sont dangereuses, c'est un risque quotidien pour nous."
188,0.49556344644602407,0.4993492158839764,0.40215105772308185,0.4658406650840209,0.4475412708862178,0.34500667156196346,0.43995058522362124,0.42377315506293256,0.4529858113615738,0.35697972336096906,0.33814773675764376,0.5051075007861775,0.4606025502649305,0.3949937572059685,0.345848332257775,0.8555,loisir,politique,Retraités,Promotion de la diversité culturelle,Il est important de valoriser la richesse culturelle de notre pays pour éviter que certaines communautés ne se sentent exclues.
189,0.512874057215739,0.48143190273723524,0.43470596301285486,0.5183133456856731,0.48871118958250476,0.47832809863713377,0.3831250962928001,0.542218799409974,0.5082343480719983,0.38091238396149996,0.42000555648745846,0.47585426800856473,0.5737371443814564,0.41165436020278756,0.32527532361466843,0.128,social,sante,Retraités,Création de logements sociaux,Il y a une pénurie de logements abordables pour les familles à faible revenu.
190,0.4804960861238372,0.43838003646569845,0.3629101187208191,0.4471903821210943,0.4452528643007064,0.39087522037022254,0.3305907830806871,0.4688221946174772,0.46332949702135945,0.3929327111017225,0.3526351939142139,0.5489302825986635,0.3879958290643204,0.4510849435674348,0.28780637699027306,0.4939,loisir,environnement,Retraités,Programmes de reconversion professionnelle,"Les opportunités sont limitées, nous avons besoin de nouvelles compétences."
191,0.5156472145663891,0.4167362763700393,0.3666431408409245,0.4294121872987168,0.6367555156722996,0.3963292025028961,0.3932497642599626,0.4981515736208581,0.4970311933591649,0.354246258820649,0.3575687947056622,0.5318053366167091,0.4038933151172994,0.3953406167004747,0.3312666077879225,0.3612,education,loisir,Retraités,Accès à l'éducation pour les adultes,Beaucoup d'adultes n'ont pas les compétences nécessaires pour les emplois actuels.
192,0.4715147517969595,0.4452396039915272,0.3805998218448914,0.40692266304523644,0.5193672159525514,0.3767863511091774,0.39964529782720287,0.4850214398670839,0.5552265147628536,0.3369714839028567,0.3858001706894662,0.4911949824339046,0.3806928843393632,0.38930918727468655,0.3439947687588663,0.6597,travail,education,Retraités,Amélioration des services de garde d'enfants,"Les places en crèche sont insuffisantes, ce qui complique la vie des parents qui travaillent."
193,0.3815441859914995,0.3711789630287333,0.3973923736107547,0.45039847907695163,0.49515572251199025,0.37669565361906227,0.3785383214902923,0.48531670496113644,0.4431225297875201,0.2931199600146233,0.396647318421082,0.41107362011107307,0.372369967403668,0.35642848203211475,0.28655332549830376,0.3818,education,sante,Retraités,Augmentation des pensions de retraite,"Le coût de la vie augmente, notre pension ne suffit plus."
194,0.45064668515447365,0.419530119063073,0.41405943770870485,0.41760131391470595,0.3901950070831287,0.44553157721577585,0.3610488331544629,0.39690005743499707,0.4070108997122173,0.38772022191327515,0.38751618809958754,0.46564090746167486,0.35279978959955005,0.37910530953479255,0.3375068907326753,0.6369,loisir,environnement,Retraités,Soutien aux petits commerces,"La concurrence des grandes surfaces est écrasante, nous ne survivrons pas longtemps."
195,0.5013949629509664,0.4261641091531797,0.3678148618277669,0.42305041531186166,0.532560610426813,0.4099569346425602,0.4089305884267013,0.6547235221197184,0.5331527479483188,0.39807021980097335,0.41796069034762395,0.49507515163588517,0.4340135064807082,0.43040330922153797,0.3615122843401407,0.5635,sante,travail,Retraités,Accès à des soins de santé mentale,Les services de santé mentale sont débordés et beaucoup ne peuvent pas obtenir l'aide dont ils ont besoin.
196,0.4939568186501128,0.4404514609973305,0.4000730061122315,0.4868603980792838,0.45521393075170813,0.4614513700161335,0.38648558737968663,0.5161773307978929,0.6200938453435311,0.36745935889230585,0.4145432434914161,0.49228501841816097,0.44086627470151224,0.4284159627471276,0.34024641047362303,0.5994,travail,sante,Retraités,Stabilisation des contrats de travail,"Le précariat est trop répandu, nous avons besoin de sécurité."
197,0.405169868868478,0.38270820712520515,0.36811096935109633,0.454088183365535,0.4222585858664429,0.43141341281985934,0.3727650388111929,0.4202848970196046,0.520348751222574,0.3223781937810783,0.3791998940537747,0.44591292471323674,0.39890870468092604,0.3895709501381616,0.346441579485266,0.5859,travail,economie,Retraités,Augmentation des salaires minimum,"Le coût de la vie augmente, nous ne pouvons plus joindre les deux bouts."
198,0.512874057215739,0.48143190273723524,0.43470596301285486,0.5183133456856731,0.48871118958250476,0.47832809863713377,0.3831250962928001,0.542218799409974,0.5082343480719983,0.38091238396149996,0.42000555648745846,0.47585426800856473,0.5737371443814564,0.41165436020278756,0.32527532361466843,0.128,social,sante,Retraités,Création de logements sociaux,Il y a une pénurie de logements abordables pour les familles à faible revenu.
199,0.60701530214488,0.5753486752127226,0.4457360090058607,0.4651294750563587,0.44945853505832506,0.4179401601954615,0.41809330216580404,0.5045659001249433,0.45926248023907773,0.37744457722805036,0.41325788584991596,0.4507335461539161,0.4731352597755754,0.4328651331156915,0.295799053723906,0.7299,environnement,politique,Retraités,Protection de l'environnement,Les politiques actuelles ne font pas assez pour lutter contre le changement climatique.
200,0.39233776386975233,0.41758010390931777,0.3118690044820315,0.40724293537029904,0.4094071424621941,0.3447995344722372,0.3612027339534198,0.4102597437162397,0.5075589935070162,0.3440901539353947,0.4082621388840932,0.49452363753015083,0.375006701170612,0.4092509167761717,0.3333995577047693,0.5267,travail,loisir,Retraités,Simplification des démarches administratives,Les formalités sont trop complexes et nous font perdre un temps précieux.
201,0.4804960861238372,0.43838003646569845,0.3629101187208191,0.4471903821210943,0.4452528643007064,0.39087522037022254,0.3305907830806871,0.4688221946174772,0.46332949702135945,0.3929327111017225,0.3526351939142139,0.5489302825986635,0.3879958290643204,0.4510849435674348,0.28780637699027306,0.4939,loisir,environnement,Retraités,Programmes de reconversion professionnelle,"Les opportunités sont limitées, nous avons besoin de nouvelles compétences."
202,0.5163211213391522,0.41269813932798344,0.35946291934900537,0.429798657659898,0.4306748749868498,0.4669825059232123,0.3354937554448802,0.46114033971387514,0.46100441653560364,0.37294798885132807,0.35340395589123486,0.5147922823082899,0.3846918866029673,0.4435432263094272,0.3340032176004803,0.4215,environnement,loisir,Retraités,Meilleure accessibilité des bâtiments publics,"Les personnes à mobilité réduite rencontrent encore trop d'obstacles, ce qui limite leur autonomie."
203,0.4650683191704052,0.4096502369452181,0.36675407317395486,0.4384561627022077,0.45348075226214624,0.37471362955852944,0.3407849005741592,0.5947555040249168,0.7007541357040215,0.36875601785324996,0.4123560595461746,0.5078720359240699,0.3668953568977874,0.35838423395086166,0.3297493596796825,-0.25,travail,sante,Retraités,Réduction du temps de travail,Les journées de travail sont trop longues et nuisent à notre santé.
204,0.48538195314941945,0.43297895217016746,0.3671088464590497,0.46923949971462864,0.4740459594236982,0.41696731960756467,0.3769165802013005,0.4563324562412241,0.5140069701829078,0.3614946980179322,0.36992540957359354,0.4871369377984175,0.5027142830299463,0.4038212954634455,0.30407705905835986,0.0772,travail,social,Retraités,Augmentation des aides sociales,"Les aides actuelles ne suffisent pas à couvrir les besoins essentiels des plus démunis, ce qui complique énormément leur quotidien."
205,0.4656674951581131,0.4648031994240975,0.44363447166880354,0.5141894821241214,0.47721377235690304,0.40532557122794105,0.3760191542783385,0.49141995384583664,0.5825195607993124,0.3874059748329796,0.38842827458951074,0.5193316930339674,0.451350838966511,0.4098729557517004,0.35959872023644646,0.0,travail,loisir,Chômeurs,Soutien aux industries locales,"La délocalisation menace nos emplois, nous avons peur de perdre notre travail."
206,0.43729014981724695,0.42520426018575064,0.43072026459275947,0.47547330351708517,0.4073507305096788,0.4300731809709412,0.3474676411847354,0.439429355839712,0.46067611917221896,0.3176923786920232,0.3526733673188645,0.43607786435675294,0.36487877208642794,0.38910638367540634,0.2806356128282057,0.1027,economie,travail,Chômeurs,Réduction des taxes agricoles,Les coûts de production sont trop élevés et les marges trop faibles pour survivre.
207,0.3960732287010829,0.4250112864182527,0.3205509071573479,0.41711061565139174,0.4147704246655697,0.3507086866046169,0.3563862650883704,0.4320239250857617,0.5181815182813151,0.34155602312640226,0.41018293480443313,0.497202705140976,0.3909209637017145,0.39288011692224134,0.33410545023241356,0.5267,travail,loisir,Chômeurs,Simplification des démarches administratives,Les formalités sont trop complexes et nous font perdre un temps précieux.
208,0.42962875359407954,0.3833408097768849,0.2889115714613017,0.350387288503192,0.4313505216174068,0.37577082502908604,0.32628971907661725,0.48486957436968087,0.5389722863133466,0.3327128200811419,0.3638921350804542,0.44282567708320614,0.35778387519505667,0.36752793124717237,0.30399667265783425,0.836,travail,sante,Chômeurs,Réduction des délais d'attente pour les soins médicaux,Les patients doivent attendre trop longtemps pour obtenir des soins de qualité.
209,0.45366588286099624,0.43980417057581067,0.3786112058213731,0.4408383646354881,0.4605217759499386,0.3683626973169133,0.3698165801412308,0.4422703957069798,0.6156407005121319,0.34346256765323663,0.3773111739671679,0.5081922929718717,0.4170218141152266,0.3916137132753974,0.3583335152564172,0.6597,travail,loisir,Chômeurs,Amélioration des conditions de travail,"Les conditions actuelles sont épuisantes, nous ne pouvons pas continuer ainsi."
210,0.6319780085358276,0.50862528901958,0.6675656801624422,0.5949055139984406,0.5504279875753719,0.47114607555882176,0.45136117424620253,0.5979474366402668,0.5107067628209698,0.4208274545256587,0.3913927226964925,0.5199412445386198,0.5244996151197432,0.4376863758823467,0.3443528005736595,0.7003,agriculture,environnement,Chômeurs,Soutien à l'agriculture biologique,"L'agriculture durable est cruciale pour la santé et l'environnement, et le manque de soutien actuel met les agriculteurs dans une position délicate."
211,0.4460199928098439,0.5083979120312347,0.4000065464407714,0.4532715429249284,0.49384700913347973,0.38592591508727,0.3786221497003255,0.46072519442044646,0.5122427011849519,0.36454233259712243,0.4494494790136274,0.4536540036856541,0.5847809219031472,0.3663751330038843,0.3248240716100189,0.4767,social,travail,Chômeurs,Soutien aux travailleurs indépendants,Les charges sociales et fiscales sont trop lourdes pour les auto-entrepreneurs.
212,0.517319444861052,0.44206573319190673,0.4337461763824103,0.5002515991548386,0.4761555420810924,0.4378845474010533,0.3819785008512453,0.5216097380929262,0.5592283997064091,0.40237509919769776,0.3968181215129105,0.5531865925769243,0.44880301407416173,0.43702956713337116,0.3470776902070822,0.7906,travail,loisir,Chômeurs,Promotion du télétravail,"Le télétravail permet de mieux concilier vie professionnelle et personnelle, et devrait être plus largement accessible."
213,0.6319780085358276,0.50862528901958,0.6675656801624422,0.5949055139984406,0.5504279875753719,0.47114607555882176,0.45136117424620253,0.5979474366402668,0.5107067628209698,0.4208274545256587,0.3913927226964925,0.5199412445386198,0.5244996151197432,0.4376863758823467,0.3443528005736595,0.7003,agriculture,environnement,Chômeurs,Soutien à l'agriculture biologique,"L'agriculture durable est cruciale pour la santé et l'environnement, et le manque de soutien actuel met les agriculteurs dans une position délicate."
214,0.42962875359407954,0.3833408097768849,0.2889115714613017,0.350387288503192,0.4313505216174068,0.37577082502908604,0.32628971907661725,0.48486957436968087,0.5389722863133466,0.3327128200811419,0.3638921350804542,0.44282567708320614,0.35778387519505667,0.36752793124717237,0.30399667265783425,0.836,travail,sante,Chômeurs,Réduction des délais d'attente pour les soins médicaux,Les patients doivent attendre trop longtemps pour obtenir des soins de qualité.
215,0.4084051275901476,0.43587926917180037,0.32512960234679117,0.4356472570112155,0.42834434316767833,0.34659725419591764,0.3683568437130639,0.416657271676101,0.5074648693855328,0.36012773519441005,0.4033554744647002,0.49980688968622305,0.38853916054028753,0.4285842459908907,0.3537781499074289,0.5267,travail,loisir,Etudiants,Simplification des démarches administratives,Les formalités sont trop complexes et nous font perdre un temps précieux.
216,0.4928112080825465,0.4468966112743589,0.37455682199800355,0.48947336640333305,0.48565530602576684,0.4130509655248035,0.38106162951454725,0.45782889184030034,0.5116867766559731,0.37354138486248567,0.3663125418054164,0.4904871778989053,0.5058940911115352,0.419923851369288,0.3228022377951946,0.0772,travail,social,Etudiants,Augmentation des aides sociales,"Les aides actuelles ne suffisent pas à couvrir les besoins essentiels des plus démunis, ce qui complique énormément leur quotidien."
217,0.46420674826680286,0.4403621480361158,0.42088948137704096,0.4503862369709531,0.4135850770365558,0.43805106934612814,0.36840737649750055,0.40418027307569554,0.41289397855953963,0.40265105150207564,0.3813193252871333,0.47243307238207627,0.3698478162256112,0.40388218147995275,0.36112044276697836,0.6369,loisir,environnement,Etudiants,Soutien aux petits commerces,"La concurrence des grandes surfaces est écrasante, nous ne survivrons pas longtemps."
218,0.41490619911146825,0.5308226225651247,0.35078445758964744,0.4511763031565882,0.4215365423861689,0.3206396506054931,0.40917119724345735,0.41538913703193775,0.46408373151981813,0.4004394943344203,0.4006947652952915,0.4581237848950318,0.4618685461776913,0.33352822277432576,0.3386903039356586,0.6705,politique,travail,Etudiants,Promotion de l'égalité salariale entre hommes et femmes,Il existe encore un écart salarial important entre les sexes.
219,0.4772989018513719,0.42988747397086047,0.37721583126290287,0.467103680717983,0.4708305712114495,0.3742694657488445,0.3496930338503337,0.5886083464207894,0.6867707798367141,0.3843275858618292,0.40626401147909275,0.5122524689173712,0.3819490799476659,0.38273658118564946,0.352061912695327,-0.25,travail,sante,Etudiants,Réduction du temps de travail,Les journées de travail sont trop longues et nuisent à notre santé.
220,0.5295595483647274,0.44900418508593026,0.4182670605369259,0.5088130340499591,0.6478112986330508,0.4079338067177821,0.42994077856617924,0.4871331652362117,0.4805185329910874,0.39649556625117144,0.40999730393833744,0.47959218361828887,0.42409798980595503,0.4501046436150009,0.340452573218372,0.3612,education,environnement,Etudiants,Réduction des frais de scolarité,"L'éducation doit être accessible à tous, c'est crucial pour l'avenir."
221,0.4841716862834738,0.4814527272886594,0.4539566749625346,0.5401422753022277,0.49711836598309755,0.40524572165725226,0.39283556060670843,0.47998075592977435,0.5770580117047588,0.4117317142094615,0.38457899244055466,0.5273756745519654,0.4536459269681001,0.45278994518860854,0.3846777902340754,0.0,travail,economie,Etudiants,Soutien aux industries locales,"La délocalisation menace nos emplois, nous avons peur de perdre notre travail."
222,0.4856992242306406,0.42792871321908316,0.38499175014426756,0.45005538190309163,0.4943273243901101,0.3993944379748367,0.3695602660027791,0.5331520879945777,0.6817952139380186,0.35550504802619315,0.35297968315909045,0.4895296028472727,0.4138429115309429,0.3973415625075491,0.37624904575628537,0.4404,travail,sante,Etudiants,Amélioration des conditions de travail dans les hôpitaux,Les personnels soignants sont épuisés et les conditions de travail se détériorent.
223,0.48044604881805775,0.46614788346772057,0.4240555196483925,0.5193529072829163,0.5554179970065927,0.3828883611617743,0.39346213857512785,0.49278141443879825,0.609195902606667,0.35823459769236327,0.33825454880847433,0.5095417536151075,0.38138809796102463,0.46214038353311443,0.3699659737044487,0.4767,travail,education,Etudiants,Amélioration des conditions de travail pour les enseignants,"Les enseignants sont surchargés et manquent de ressources, ce qui affecte la qualité de l'enseignement."
224,0.4027465071964921,0.43696124080679416,0.3334631026730009,0.3788357127676167,0.4639285195494138,0.39059083335189937,0.38848497851721764,0.397982654152234,0.4648215102953714,0.365643416375077,0.382414007897442,0.417090120329951,0.40087163538042225,0.3926387353510056,0.32214364668819845,-0.2263,travail,education,Etudiants,Reconnaissance des compétences des contremaîtres,Notre rôle est crucial mais souvent sous-estimé.
225,0.49470148436051076,0.46841051209105017,0.4372599034823699,0.5117054001488106,0.5521823793699246,0.39117589543927106,0.3827508010869997,0.504226256835891,0.6284212097480907,0.36671925441922065,0.3307634187788779,0.5311401364503342,0.39595180205826086,0.454345344396502,0.35808116323276046,0.4767,travail,education,Autres personnes sans activité professionnelle,Amélioration des conditions de travail pour les enseignants,"Les enseignants sont surchargés et manquent de ressources, ce qui affecte la qualité de l'enseignement."
226,0.4610441062705019,0.4277325082656098,0.371468376840512,0.45031261081106516,0.47238512170717056,0.4070321696719827,0.32781904077310997,0.4589732672304579,0.5373299106290146,0.3781926649893219,0.3436752150624126,0.517441785903386,0.40993506047252615,0.4412769619854124,0.31022958241051063,0.3612,travail,loisir,Autres personnes sans activité professionnelle,Formation continue pour les techniciens,Nous avons besoin de mise à jour régulière des compétences pour ne pas être dépassés.
227,0.4640196337344528,0.40630753561077476,0.3196675466509262,0.37557028002501497,0.4554197740397367,0.38745748284529885,0.3357549143742009,0.49282759728419184,0.5632581188338386,0.362741463616667,0.355420868051752,0.47743418724109987,0.37733343950649917,0.4010670090568794,0.3179046911104098,0.836,travail,sante,Autres personnes sans activité professionnelle,Réduction des délais d'attente pour les soins médicaux,Les patients doivent attendre trop longtemps pour obtenir des soins de qualité.
228,0.5183801492317096,0.44635467709737303,0.3493080348655146,0.4670340181113625,0.4707376316351813,0.39312024639396265,0.33292066486654903,0.4918489343263837,0.5605236833776646,0.362034176764998,0.3178613821266444,0.5322974891316479,0.4268025047996014,0.4529534311431642,0.3164526320162239,0.8578,travail,loisir,Autres personnes sans activité professionnelle,Télétravail et flexibilité des horaires,Nous avons besoin de plus de flexibilité pour mieux concilier vie professionnelle et personnelle.
